{
  "hit_3": 0.64,
  "mrr": 0.5266666666666666,
  "precision_3": 0.21333333333333332,
  "recall_3": 0.64,
  "perfect_cases": 16,
  "total_cases": 25
}